"ContactEmployeeID";"ContactID";"EmployeeID";"ContactDate";"Description"
474489;8909;787747;"2020-04-11";"Games developer"
474490;8910;787748;"2021-07-23";"Phytotherapist"
474491;8913;787751;"2021-09-21";"Veterinary surgeon"
474492;8914;787752;"2020-12-23";"Waste management officer"
474493;8915;787753;"2016-03-28";"Intelligence analyst"
474494;8916;787754;"2016-09-09";"Hydrogeologist"
474495;8917;787755;"2020-06-18";"Lawyer"
474496;8918;787756;"2015-09-27";"Engineer, site"
474497;8920;787758;"2014-06-15";"Warden/ranger"
474498;8921;787759;"2012-11-11";"Scientist, clinical"
474499;8922;787760;"2021-10-23";"Social worker"
474500;8923;787761;"2017-04-19";"Agricultural consultant"
474501;8924;787762;"2013-09-25";"Sport and exercise psychologist"
474503;8926;787764;"2018-12-20";"Audiological scientist"
474504;8927;787765;"2020-11-10";"Teacher, adult education"
474505;8928;787766;"2019-11-23";"Paediatric nurse"
