"EmployeeID";"FirstName";"LastName";"Salary";"HireDate";"JobTittle";"Email";"Phone"
787747;"Shelby";"Terrell";55000.0;"1945-10-26";"Games";"elijah57@example.net";"784973518"
787748;"Phillip";"Summers";51000.0;"1910-03-24";"Phyto";"bethany14@example.com";"60444913"
787751;"Lori";"Todd";60000.0;"1938-12-01";"Veterinary surgeon";"buchananmanuel@example.net";"35587233"
787752;"Erin";"Day";40900.0;"2015-10-28";"Waste management ";"tconner@example.org";"98565553"
787753;"Katherine";"Buck";39800.0;"1989-01-22";"Intelligence analyst";"conniecowan@example.com";"668549162"
787754;"Ricardo";"Hinton";38700.0;"1924-03-26";"Hydrogeologist";"wyattbishop@example.com";"799888612"
787755;"Dave";"Farrell";37600.0;"2018-10-06";"Lawyer";"nmccann@example.net";"242927392"
787756;"Isaiah";"Downs";36500.0;"1964-09-20";"Engineer, site";"virginiaterrell@example.org";"15448206"
787758;"Stacy";"Newton";34300.0;"1980-10-20";"Warden/ranger";"rayleroy@example.org";"321380335"
787759;"Mandy";"Blake";33200.0;"2007-12-08";"Scientist, clinical";"jefferynoble@example.org";"13054947"
787760;"Bridget";"Nash";32100.0;"2004-06-28";"Social worker";"mercedes44@example.com";"216628359"
787761;"Crystal";"Farmer";31000.0;"1992-03-09";"Agricultural consultant";"pmiranda@example.org";"5791"
787762;"Thomas";"Knight";29900.0;"2006-02-18";"Sport and exercise";"braunpriscilla@example.net";"2005"
787764;"Frank";"Meadows";27700.0;"2008-09-16";"Audiological scientist";"gbrewer@example.org";"39024447"
787765;"Alvin";"Paul";26600.0;"1949-05-12";"Teacher";"gilbertdonaldson@example.com";"57912005"
787766;"Jared";"Mitchell";25500.0;"1921-01-18";"Paediatric nurse";"jcortez@example.com";"89588147"
